column_id,dataset_id,sensitivity_level_id,column_name,column_position,data_type_name,business_name,description,example_value_text,is_nullable,is_primary_key,is_foreign_key,is_business_key,is_array,source_expression,source_path_type,default_value,transform_expression,array_flatten_strategy,null_handling,precision_value,scale_value,date_format,timezone,metadata_json,created_at,created_by,updated_at,updated_by
309,34,,account_id,1,STRING,,FK account,,false,false,false,true,false,,jsonpath,,,,keep,,,,,,2026-01-21 19:46:37.6273790,system,2026-01-21 19:46:37.6273790,
310,34,,ledger_type_id,2,STRING,,FK ledger,,true,false,false,true,false,,jsonpath,,,,keep,,,,,,2026-01-21 19:46:37.6273790,system,2026-01-21 19:46:37.6273790,
311,34,,period_id,3,STRING,,FK period,,false,false,false,true,false,,jsonpath,,,,keep,,,,,,2026-01-21 19:46:37.6273790,system,2026-01-21 19:46:37.6273790,
312,34,,currency_id,4,STRING,,FK currency,,true,false,false,true,false,,jsonpath,,,,keep,,,,,,2026-01-21 19:46:37.6273790,system,2026-01-21 19:46:37.6273790,
313,34,,cost_centre_id,5,STRING,,FK cost centre,,true,false,false,true,false,,jsonpath,,,,keep,,,,,,2026-01-21 19:46:37.6273790,system,2026-01-21 19:46:37.6273790,
314,34,,project_id,6,STRING,,FK project,,true,false,false,false,false,,jsonpath,,,,keep,,,,,,2026-01-21 19:46:37.6273790,system,2026-01-21 19:46:37.6273790,
315,34,,owner_id,7,STRING,,FK owner,,true,false,false,false,false,,jsonpath,,,,keep,,,,,,2026-01-21 19:46:37.6273790,system,2026-01-21 19:46:37.6273790,
316,34,,fiscal_year,8,INT,,Fiscal year,,false,false,false,false,false,,jsonpath,,,,keep,,,,,,2026-01-21 19:46:37.6273790,system,2026-01-21 19:46:37.6273790,
317,34,,fiscal_period,9,INT,,Fiscal period,,false,false,false,false,false,,jsonpath,,,,keep,,,,,,2026-01-21 19:46:37.6273790,system,2026-01-21 19:46:37.6273790,
318,34,4,gl_account_balance,10,DECIMAL,,Balance,,false,false,false,false,false,,jsonpath,,,,keep,,,,,,2026-01-21 19:46:37.6273790,system,2026-01-21 19:46:37.6273790,
319,34,,gl_account_debit_amount,11,DECIMAL,,Debit,,false,false,false,false,false,,jsonpath,,,,keep,,,,,,2026-01-21 19:46:37.6273790,system,2026-01-21 19:46:37.6273790,
320,34,,gl_account_credit_amount,12,DECIMAL,,Credit,,false,false,false,false,false,,jsonpath,,,,keep,,,,,,2026-01-21 19:46:37.6273790,system,2026-01-21 19:46:37.6273790,
437,35,2,country_dbid,1,INT64,Country DB ID,Xledger internal country database ID,,false,true,false,true,false,['dbId'],jsonpath,,,,keep,,,,,,2026-02-09 09:31:08.8900000,system,2026-02-09 09:31:08.8900000,
438,35,1,country_code,2,STRING,Country Code,ISO country code,,true,false,false,false,false,['code'],jsonpath,,,,keep,,,,,,2026-02-09 09:31:08.9100000,system,2026-02-09 09:31:08.9100000,
439,35,2,country_description,3,STRING,Country Description,Full country name/description,,true,false,false,false,false,['description'],jsonpath,,,,keep,,,,,,2026-02-09 09:31:08.9166667,system,2026-02-09 09:31:08.9166667,
440,35,2,_source_file,4,VARCHAR(500),Source File,Original parquet file path,,false,false,false,false,false,,jsonpath,,,,keep,,,,,,2026-02-09 09:31:08.9200000,system,2026-02-09 09:31:08.9200000,
441,35,2,_load_timestamp,5,TIMESTAMP,Load Timestamp,Bronze load timestamp,,false,false,false,false,false,,jsonpath,,,,keep,,,,,,2026-02-09 09:31:08.9233333,system,2026-02-09 09:31:08.9233333,
450,36,2,country_id,1,STRING,Country ID,Surrogate key - MD5 hash,,false,true,false,true,false,,,,,,keep,,,,,,2026-02-11 08:37:24.2766667,system,2026-02-11 08:37:24.2766667,
451,36,2,source_system_id,2,STRING,Source System ID,MD5 hash of source system identifier,,true,false,false,false,false,,,,,,keep,,,,,,2026-02-11 08:37:24.2933333,system,2026-02-11 08:37:24.2933333,
452,36,2,country_bk,3,STRING,Country Business Key,Source system business key,,true,false,false,false,false,,,,,,keep,,,,,,2026-02-11 08:37:24.2966667,system,2026-02-11 08:37:24.2966667,
453,36,2,source_system_bk,4,BIGINT,Source System BK,Source system numeric identifier,,true,false,false,false,false,,,,,,keep,,,,,,2026-02-11 08:37:24.3000000,system,2026-02-11 08:37:24.3000000,
454,36,2,country_code,5,STRING,Country Code,ISO country code,,true,false,false,false,false,,,,,,keep,,,,,,2026-02-11 08:37:24.3033333,system,2026-02-11 08:37:24.3033333,
455,36,2,country_name,6,STRING,Country Name,Country display name,,false,false,false,false,false,,,,,,keep,,,,,,2026-02-11 08:37:24.3033333,system,2026-02-11 08:37:24.3033333,
456,36,2,country_description,7,STRING,Country Description,Full country description,,true,false,false,false,false,,,,,,keep,,,,,,2026-02-11 08:37:24.3066667,system,2026-02-11 08:37:24.3066667,
457,36,2,loaded_at_source,8,TIMESTAMP,Source Load Timestamp,When data was loaded into bronze,,false,false,false,false,false,,,,,,keep,,,,,,2026-02-11 08:37:24.3100000,system,2026-02-11 08:37:24.3100000,
458,36,2,loaded_at,9,TIMESTAMP,Silver Load Timestamp,When data was loaded into silver,,false,false,false,false,false,,,current_timestamp(),,,keep,,,,,,2026-02-11 08:37:24.3133333,system,2026-02-11 08:37:24.3133333,
459,36,2,is_deleted_flag,10,TINYINT,Deleted Flag,Soft delete indicator,,false,false,false,false,false,,,0,,,keep,,,,,,2026-02-11 08:37:24.3200000,system,2026-02-11 08:37:24.3200000,
460,37,2,country_id,1,STRING,Country ID,Surrogate key from silver,,false,true,false,true,false,,,,,,keep,,,,,,2026-02-11 13:58:13.8633333,system,2026-02-11 13:58:13.8633333,
461,37,2,country_code,2,STRING,Country Code,ISO currency code,,true,false,false,false,false,,,,,,keep,,,,,,2026-02-11 13:58:13.8700000,system,2026-02-11 13:58:13.8700000,
462,37,2,country_name,3,STRING,Country Name,Currency display name,,true,false,false,false,false,,,,,,keep,,,,,,2026-02-11 13:58:13.8733333,system,2026-02-11 13:58:13.8733333,
463,37,2,country_description,4,STRING,Country Description,Full currency description,,true,false,false,false,false,,,,,,keep,,,,,,2026-02-11 13:58:13.8800000,system,2026-02-11 13:58:13.8800000,
500,38,2,account_dbid,1,INT64,,,,false,true,false,true,false,['dbId'],jsonpath,,,,keep,,,,,,2026-02-13 09:50:06.2200000,system,2026-04-17 09:05:58.0933333,fix_source_expression
501,38,2,account_code,2,STRING,,,,true,false,false,false,false,['code'],jsonpath,,,,keep,,,,,,2026-02-13 09:50:06.2433333,system,2026-02-13 09:50:06.2433333,
502,38,2,account_description,3,STRING,,,,true,false,false,false,false,['description'],jsonpath,,,,keep,,,,,,2026-02-13 09:50:06.2466667,system,2026-02-13 09:50:06.2466667,
503,38,2,owner_dbid,4,INT64,,,,true,false,false,false,false,['ownerDbId'],jsonpath,,,,keep,,,,,,2026-02-13 09:50:06.2500000,system,2026-02-13 09:50:06.2500000,
504,38,2,created_at,5,DATETIME,,,,true,false,false,false,false,['createdAt'],jsonpath,,,,keep,,,,,,2026-02-13 09:50:06.2533333,system,2026-02-13 09:50:06.2533333,
505,38,2,modified_at,6,DATETIME,,,,true,false,false,false,false,['modifiedAt'],jsonpath,,,,keep,,,,,,2026-02-13 09:50:06.2566667,system,2026-02-13 09:50:06.2566667,
506,38,2,balance_sheet,7,BOOLEAN,,,,true,false,false,false,false,['balanceSheet'],jsonpath,,,,keep,,,,,,2026-02-13 09:50:06.2600000,system,2026-02-13 09:50:06.2600000,
507,38,2,asset,8,BOOLEAN,,,,true,false,false,false,false,['asset'],jsonpath,,,,keep,,,,,,2026-02-13 09:50:06.2633333,system,2026-02-13 09:50:06.2633333,
508,38,2,cost,9,BOOLEAN,,,,true,false,false,false,false,['cost'],jsonpath,,,,keep,,,,,,2026-02-13 09:50:06.2666667,system,2026-02-13 09:50:06.2666667,
509,38,2,credit,10,BOOLEAN,,,,true,false,false,false,false,['credit'],jsonpath,,,,keep,,,,,,2026-02-13 09:50:06.2700000,system,2026-02-13 09:50:06.2700000,
510,38,2,equity,11,BOOLEAN,,,,true,false,false,false,false,['equity'],jsonpath,,,,keep,,,,,,2026-02-13 09:50:06.2733333,system,2026-02-13 09:50:06.2733333,
511,38,2,finance,12,BOOLEAN,,,,true,false,false,false,false,['finance'],jsonpath,,,,keep,,,,,,2026-02-13 09:50:06.2766667,system,2026-02-13 09:50:06.2766667,
512,38,2,liabilities,13,BOOLEAN,,,,true,false,false,false,false,['liabilities'],jsonpath,,,,keep,,,,,,2026-02-13 09:50:06.2800000,system,2026-02-13 09:50:06.2800000,
513,38,2,posting,14,BOOLEAN,,,,true,false,false,false,false,['posting'],jsonpath,,,,keep,,,,,,2026-02-13 09:50:06.2833333,system,2026-02-13 09:50:06.2833333,
514,38,2,revenue,15,BOOLEAN,,,,true,false,false,false,false,['revenue'],jsonpath,,,,keep,,,,,,2026-02-13 09:50:06.2866667,system,2026-02-13 09:50:06.2866667,
515,38,2,group,16,BOOLEAN,,,,true,false,false,false,false,['group'],jsonpath,,,,keep,,,,,,2026-02-13 09:50:06.2900000,system,2026-02-13 09:50:06.2900000,
516,38,2,chart_of_account_dbid,17,INT64,,,,true,false,false,false,false,['chartOfAccountDbId'],jsonpath,,,,keep,,,,,,2026-02-13 09:50:06.2933333,system,2026-02-13 09:50:06.2933333,
517,38,2,chart_of_account_code,18,STRING,,,,true,false,false,false,false,['chartOfAccount']['code'],jsonpath,,,,keep,,,,,,2026-02-13 09:50:06.2966667,system,2026-04-17 10:38:24.3400000,
518,38,2,chart_of_account_name,19,STRING,,,,true,false,false,false,false,['chartOfAccount']['name'],jsonpath,,,,keep,,,,,,2026-02-13 09:50:06.3000000,system,2026-04-17 10:38:24.3433333,
519,38,2,description_translated,20,STRING,,,,true,false,false,false,false,['descriptionTranslated'],jsonpath,,,,keep,,,,,,2026-02-13 09:50:06.3066667,system,2026-02-13 09:50:06.3066667,
520,38,2,system_account_dbid,21,INT64,,,,true,false,false,false,false,['sysAccount']['dbId'],jsonpath,,,,keep,,,,,,2026-02-13 09:50:06.3100000,system,2026-04-17 10:38:24.3466667,
521,38,2,system_account_code,22,STRING,,,,true,false,false,false,false,['sysAccount']['code'],jsonpath,,,,keep,,,,,,2026-02-13 09:50:06.3133333,system,2026-04-17 10:38:24.3500000,
522,38,2,system_account_description,23,STRING,,,,true,false,false,false,false,['sysAccount']['description'],jsonpath,,,,keep,,,,,,2026-02-13 09:50:06.3166667,system,2026-04-17 10:38:24.3533333,
523,38,2,account_indicator_dbid,24,INT64,,,,true,false,false,false,false,['accountIndicator']['dbId'],jsonpath,,,,keep,,,,,,2026-02-13 09:50:06.3200000,system,2026-04-17 10:38:24.3600000,
524,38,2,account_indicator_code,25,STRING,,,,true,false,false,false,false,['accountIndicator']['code'],jsonpath,,,,keep,,,,,,2026-02-13 09:50:06.3233333,system,2026-04-17 10:38:24.3600000,
525,38,2,account_indicator_name,26,STRING,,,,true,false,false,false,false,['accountIndicator']['name'],jsonpath,,,,keep,,,,,,2026-02-13 09:50:06.3266667,system,2026-04-17 10:38:24.3666667,
526,38,2,ledger_type_dbid,27,INT64,,,,true,false,false,false,false,['ledgerType']['dbId'],jsonpath,,,,keep,,,,,,2026-02-13 09:50:06.3300000,system,2026-04-17 10:38:24.3700000,
527,38,2,ledger_type_code,28,STRING,,,,true,false,false,false,false,['ledgerType']['code'],jsonpath,,,,keep,,,,,,2026-02-13 09:50:06.3333333,system,2026-04-17 10:38:24.3733333,
528,38,2,ledger_type_name,29,STRING,,,,true,false,false,false,false,['ledgerType']['name'],jsonpath,,,,keep,,,,,,2026-02-13 09:50:06.3366667,system,2026-04-17 10:38:24.3766667,
529,38,2,account_group_dbid,30,INT64,,,,true,false,false,false,false,['accountGroup']['dbId'],jsonpath,,,,keep,,,,,,2026-02-13 09:50:06.3400000,system,2026-04-17 10:38:24.3300000,
530,38,2,account_group_code,31,STRING,,,,true,false,false,false,false,['accountGroup']['code'],jsonpath,,,,keep,,,,,,2026-02-13 09:50:06.3433333,system,2026-04-17 10:38:24.3333333,
531,38,2,account_group_description,32,STRING,,,,true,false,false,false,false,['accountGroup']['description'],jsonpath,,,,keep,,,,,,2026-02-13 09:50:06.3466667,system,2026-04-17 10:38:24.3366667,
532,38,2,account_group_level1_dbid,33,INT64,,,,true,false,false,false,false,['accountGroup']['levelParent']['dbId'],jsonpath,,,,keep,,,,,,2026-02-13 09:50:06.3500000,system,2026-04-17 10:38:06.7633333,
533,38,2,account_group_level1_code,34,STRING,,,,true,false,false,false,false,['accountGroup']['levelParent']['code'],jsonpath,,,,keep,,,,,,2026-02-13 09:50:06.3566667,system,2026-04-17 10:38:06.7700000,
534,38,2,account_group_level1_description,35,STRING,,,,true,false,false,false,false,['accountGroup']['levelParent']['description'],jsonpath,,,,keep,,,,,,2026-02-13 09:50:06.3600000,system,2026-04-17 10:38:06.7700000,
535,38,2,account_group_level2_dbid,36,INT64,,,,true,false,false,false,false,['accountGroup']['levelParent']['levelParent']['dbId'],jsonpath,,,,keep,,,,,,2026-02-13 09:50:06.3633333,system,2026-04-17 10:38:06.7733333,
536,38,2,account_group_level2_code,37,STRING,,,,true,false,false,false,false,['accountGroup']['levelParent']['levelParent']['code'],jsonpath,,,,keep,,,,,,2026-02-13 09:50:06.3666667,system,2026-04-17 10:38:06.7800000,
537,38,2,account_group_level2_description,38,STRING,,,,true,false,false,false,false,['accountGroup']['levelParent']['levelParent']['description'],jsonpath,,,,keep,,,,,,2026-02-13 09:50:06.3700000,system,2026-04-17 10:38:06.7800000,
538,38,2,account_group_level3_dbid,39,INT64,,,,true,false,false,false,false,['accountGroup']['levelParent']['levelParent']['levelParent']['dbId'],jsonpath,,,,keep,,,,,,2026-02-13 09:50:06.3700000,system,2026-04-17 10:38:06.7866667,
539,38,2,account_group_level3_code,40,STRING,,,,true,false,false,false,false,['accountGroup']['levelParent']['levelParent']['levelParent']['code'],jsonpath,,,,keep,,,,,,2026-02-13 09:50:06.3733333,system,2026-04-17 10:38:06.7900000,
540,38,2,account_group_level3_description,41,STRING,,,,true,false,false,false,false,['accountGroup']['levelParent']['levelParent']['levelParent']['description'],jsonpath,,,,keep,,,,,,2026-02-13 09:50:06.3800000,system,2026-04-17 10:38:06.7900000,
541,38,2,account_group_level4_dbid,42,INT64,,,,true,false,false,false,false,['accountGroup']['levelParent']['levelParent']['levelParent']['levelParent']['dbId'],jsonpath,,,,keep,,,,,,2026-02-13 09:50:06.3833333,system,2026-04-17 10:38:06.7933333,
542,38,2,account_group_level4_code,43,STRING,,,,true,false,false,false,false,['accountGroup']['levelParent']['levelParent']['levelParent']['levelParent']['code'],jsonpath,,,,keep,,,,,,2026-02-13 09:50:06.3866667,system,2026-04-17 10:38:06.7966667,
543,38,2,account_group_level4_description,44,STRING,,,,true,false,false,false,false,['accountGroup']['levelParent']['levelParent']['levelParent']['levelParent']['description'],jsonpath,,,,keep,,,,,,2026-02-13 09:50:06.3900000,system,2026-04-17 10:38:06.8000000,
570,40,2,transaction_dbid,1,INT64,Transaction ID,Business key from xLedger,,false,true,false,true,false,['dbId'],jsonpath,,,,keep,,,,,,2026-02-12 11:54:56.8700000,system,2026-02-12 11:54:56.8700000,
571,40,2,owner_dbid,2,INT64,Owner FK,,,true,false,true,false,false,['ownerDbId'],jsonpath,,,,keep,,,,,,2026-02-12 11:54:56.8733333,system,2026-02-12 11:54:56.8733333,
572,40,2,account_dbid,3,INT64,Account FK,,,true,false,true,false,false,['accountDbId'],jsonpath,,,,keep,,,,,,2026-02-12 11:54:56.8766667,system,2026-02-12 11:54:56.8766667,
573,40,4,amount,4,DECIMAL,Amount,,,true,false,false,false,false,['amount'],jsonpath,,,,keep,,,,,,2026-02-12 11:54:56.8800000,system,2026-02-12 11:54:56.8800000,
574,40,2,amount3,5,DECIMAL,Amount 3,,,true,false,false,false,false,['amount3'],jsonpath,,,,keep,,,,,,2026-02-12 11:54:56.8833333,system,2026-02-12 11:54:56.8833333,
575,40,2,amount4,6,DECIMAL,Amount 4,,,true,false,false,false,false,['amount4'],jsonpath,,,,keep,,,,,,2026-02-12 11:54:56.8866667,system,2026-02-12 11:54:56.8866667,
576,40,2,amount5,7,DECIMAL,Amount 5,,,true,false,false,false,false,['amount5'],jsonpath,,,,keep,,,,,,2026-02-12 11:54:56.8900000,system,2026-02-12 11:54:56.8900000,
577,40,2,text,8,STRING,Transaction text,,,true,false,false,false,false,['text'],jsonpath,,,,keep,,,,,,2026-02-12 11:54:56.8933333,system,2026-02-12 11:54:56.8933333,
578,40,2,invoice_amount,9,DECIMAL,Invoice amount,,,true,false,false,false,false,['invoiceAmount'],jsonpath,,,,keep,,,,,,2026-02-12 11:54:56.8966667,system,2026-02-12 11:54:56.8966667,
579,40,2,tax_amount,10,DECIMAL,Tax amount,,,true,false,false,false,false,['taxAmount'],jsonpath,,,,keep,,,,,,2026-02-12 11:54:56.9000000,system,2026-02-12 11:54:56.9000000,
580,40,2,position_number,11,INT64,Position number,,,true,false,false,false,false,['positionNumber'],jsonpath,,,,keep,,,,,,2026-02-12 11:54:56.9033333,system,2026-02-12 11:54:56.9033333,
581,40,2,quantity,12,DECIMAL,Quantity,,,true,false,false,false,false,['quantity'],jsonpath,,,,keep,,,,,,2026-02-12 11:54:56.9066667,system,2026-02-12 11:54:56.9066667,
582,40,2,match_id,13,INT64,Match ID,,,true,false,false,false,false,['matchId'],jsonpath,,,,keep,,,,,,2026-02-12 11:54:56.9100000,system,2026-02-12 11:54:56.9100000,
583,40,2,asset_dbid,14,INT64,Asset FK,,,true,false,true,false,false,['asset.dbId'],jsonpath,,,,keep,,,,,,2026-02-12 11:54:56.9133333,system,2026-02-12 11:54:56.9133333,
584,40,2,reconciled,15,BOOLEAN,Is reconciled,,,true,false,false,false,false,['reconciled'],jsonpath,,,,keep,,,,,,2026-02-12 11:54:56.9166667,system,2026-02-12 11:54:56.9166667,
585,40,2,period_number,16,INT64,Period number,,,true,false,false,false,false,['periodNumber'],jsonpath,,,,keep,,,,,,2026-02-12 11:54:56.9200000,system,2026-02-12 11:54:56.9200000,
586,40,2,month_number,17,INT64,Month number,,,true,false,false,false,false,['monthNumber'],jsonpath,,,,keep,,,,,,2026-02-12 11:54:56.9233333,system,2026-02-12 11:54:56.9233333,
587,40,2,period_id,18,INT64,Period ID FK,,,true,false,true,false,false,['periodId'],jsonpath,,,,keep,,,,,,2026-02-12 11:54:56.9266667,system,2026-02-12 11:54:56.9266667,
588,40,2,gl_object1_dbid,19,INT64,Cost Centre FK,,,true,false,true,false,false,['glObject1DbId'],jsonpath,,,,keep,,,,,,2026-02-12 11:54:56.9300000,system,2026-02-12 11:54:56.9300000,
589,40,2,gl_object2_dbid,20,INT64,Project FK,,,true,false,true,false,false,['glObject2DbId'],jsonpath,,,,keep,,,,,,2026-02-12 11:54:56.9333333,system,2026-02-12 11:54:56.9333333,
590,40,2,gl_object3_dbid,21,INT64,Position Ref FK,,,true,false,true,false,false,['glObject3DbId'],jsonpath,,,,keep,,,,,,2026-02-12 11:54:56.9366667,system,2026-02-12 11:54:56.9366667,
591,40,2,gl_object4_dbid,22,INT64,Asset Class FK,,,true,false,true,false,false,['glObject4DbId'],jsonpath,,,,keep,,,,,,2026-02-12 11:54:56.9400000,system,2026-02-12 11:54:56.9400000,
592,40,2,gl_object5_dbid,23,INT64,Cost Rev Period FK,,,true,false,true,false,false,['glObject5DbId'],jsonpath,,,,keep,,,,,,2026-02-12 11:54:56.9433333,system,2026-02-12 11:54:56.9433333,
593,40,2,company_dbid,24,INT64,Company FK,,,true,false,true,false,false,['companyDbId'],jsonpath,,,,keep,,,,,,2026-02-12 11:54:56.9466667,system,2026-02-12 11:54:56.9466667,
594,40,2,account_indicator_dbid,25,INT64,Account Indicator FK,,,true,false,true,false,false,['accountIndicatorDbId'],jsonpath,,,,keep,,,,,,2026-02-12 11:54:56.9500000,system,2026-02-12 11:54:56.9500000,
595,40,2,unit_quantity_dbid,26,INT64,Unit Quantity FK,,,true,false,true,false,false,['unitQuantity.dbId'],jsonpath,,,,keep,,,,,,2026-02-12 11:54:56.9533333,system,2026-02-12 11:54:56.9533333,
596,40,2,unit_number_dbid,27,INT64,Unit Number FK,,,true,false,true,false,false,['unitNumber.dbId'],jsonpath,,,,keep,,,,,,2026-02-12 11:54:56.9566667,system,2026-02-12 11:54:56.9566667,
597,40,2,xgl_dbid,28,INT64,XGL FK,,,true,false,true,false,false,['xgl.dbId'],jsonpath,,,,keep,,,,,,2026-02-12 11:54:56.9600000,system,2026-02-12 11:54:56.9600000,
598,40,2,currency_dbid,29,INT64,Currency FK,,,true,false,true,false,false,['currency.dbId'],jsonpath,,,,keep,,,,,,2026-02-12 11:54:56.9633333,system,2026-02-12 11:54:56.9633333,
599,40,2,period_dbid,30,INT64,Period FK,,,true,false,true,false,false,['period.dbId'],jsonpath,,,,keep,,,,,,2026-02-12 11:54:56.9666667,system,2026-02-12 11:54:56.9666667,
600,40,2,tax_rule_dbid,31,INT64,Tax Rule FK,,,true,false,true,false,false,['taxRule.dbId'],jsonpath,,,,keep,,,,,,2026-02-12 11:54:56.9700000,system,2026-02-12 11:54:56.9700000,
601,40,2,bank_account_dbid,32,INT64,Bank Account FK,,,true,false,true,false,false,['bankAccount.dbId'],jsonpath,,,,keep,,,,,,2026-02-12 11:54:56.9733333,system,2026-02-12 11:54:56.9733333,
602,40,2,header_posted_date,33,DATETIME,Posted date,,,true,false,false,false,false,['header.postedDate'],jsonpath,,,,keep,,,yyyy-MM-dd,,,2026-02-12 11:54:56.9766667,system,2026-02-12 11:54:56.9766667,
603,40,2,header_transaction_number,34,INT64,Transaction number,,,true,false,false,false,false,['header.transactionNumber'],jsonpath,,,,keep,,,,,,2026-02-12 11:54:56.9800000,system,2026-02-12 11:54:56.9800000,
604,40,2,header_dbid,35,INT64,Header FK,,,true,false,true,false,false,['header.dbId'],jsonpath,,,,keep,,,,,,2026-02-12 11:54:56.9833333,system,2026-02-12 11:54:56.9833333,
1001,50,,period_dbid,1,INT64,,Xledger internal period ID,,false,true,false,true,false,['dbId'],jsonpath,,,,keep,,,,,,2026-02-17 10:55:32.1200000,system,2026-02-17 10:55:32.1200000,
1002,50,,period_code,2,STRING,,Period code,,true,false,false,false,false,['code'],jsonpath,,,,keep,,,,,,2026-02-17 10:55:32.1200000,system,2026-02-17 10:55:32.1200000,
1003,50,,period_description,3,STRING,,Period description,,true,false,false,false,false,['description'],jsonpath,,,,keep,,,,,,2026-02-17 10:55:32.1200000,system,2026-02-17 10:55:32.1200000,
1004,50,,date_from,4,DATE,,Period start date,,true,false,false,false,false,['fromDate'],jsonpath,,,,keep,,,,,,2026-02-17 10:55:32.1200000,system,2026-02-17 10:55:32.1200000,
1005,50,,date_to,5,DATE,,Period end date,,true,false,false,false,false,['toDate'],jsonpath,,,,keep,,,,,,2026-02-17 10:55:32.1200000,system,2026-02-17 10:55:32.1200000,
1006,50,,year,6,INT64,,Calendar year,,true,false,false,false,false,['year'],jsonpath,,,,keep,,,,,,2026-02-17 10:55:32.1200000,system,2026-02-17 10:55:32.1200000,
1007,50,,fiscal_year,7,INT64,,Fiscal year number,,true,false,false,false,false,['fiscalYear'],jsonpath,,,,keep,,,,,,2026-02-17 10:55:32.1200000,system,2026-02-17 10:55:32.1200000,
1008,50,,fiscal_period,8,INT64,,Fiscal period number,,true,false,false,false,false,['fiscalPeriod'],jsonpath,,,,keep,,,,,,2026-02-17 10:55:32.1200000,system,2026-02-17 10:55:32.1200000,
1009,50,,fiscal_year_start_month,9,INT64,,Fiscal year start month,,true,false,false,false,false,['fiscalYearStartMonth'],jsonpath,,,,keep,,,,,,2026-02-17 10:55:32.1200000,system,2026-02-17 10:55:32.1200000,
1010,50,,calendar_month_number,10,INT64,,Calendar month number,,true,false,false,false,false,['monthNumber'],jsonpath,,,,keep,,,,,,2026-02-17 10:55:32.1200000,system,2026-02-17 10:55:32.1200000,
1011,50,,calendar_month_dbid,11,INT64,,Calendar month reference ID,,true,false,false,false,false,['month']['dbId'],jsonpath,,,,keep,,,,,,2026-02-17 10:55:32.1200000,system,2026-02-17 10:55:32.1200000,
1012,50,,calendar_month_code,12,STRING,,Calendar month code,,true,false,false,false,false,['month']['code'],jsonpath,,,,keep,,,,,,2026-02-17 10:55:32.1200000,system,2026-02-17 10:55:32.1200000,
1013,50,,calendar_month_name,13,STRING,,Calendar month name,,true,false,false,false,false,['month']['name'],jsonpath,,,,keep,,,,,,2026-02-17 10:55:32.1200000,system,2026-02-17 10:55:32.1200000,
1014,50,,period_month_dbid,14,INT64,,Period month reference ID,,true,false,false,false,false,['period']['dbId'],jsonpath,,,,keep,,,,,,2026-02-17 10:55:32.1200000,system,2026-02-17 10:55:32.1200000,
1015,50,,period_month_code,15,STRING,,Period month code,,true,false,false,false,false,['period']['code'],jsonpath,,,,keep,,,,,,2026-02-17 10:55:32.1200000,system,2026-02-17 10:55:32.1200000,
1016,50,,period_month_name,16,STRING,,Period month name,,true,false,false,false,false,['period']['name'],jsonpath,,,,keep,,,,,,2026-02-17 10:55:32.1200000,system,2026-02-17 10:55:32.1200000,
1100,60,2,object_value_dbid,1,INT64,,,,false,true,,true,false,['dbId'],jsonpath,,,,keep,,,,,,2026-02-18 08:48:02.7000000,system,2026-02-18 08:48:02.7000000,
1101,60,2,object_value_code,2,STRING,,,,true,false,,false,false,['code'],jsonpath,,,,keep,,,,,,2026-02-18 08:48:02.7000000,system,2026-02-18 08:48:02.7000000,
1102,60,2,object_value_description,3,STRING,,,,true,false,,false,false,['description'],jsonpath,,,,keep,,,,,,2026-02-18 08:48:02.7000000,system,2026-02-18 08:48:02.7000000,
1103,60,2,object_kind_dbid,4,INT64,,,,true,false,,false,false,['objectKindDbId'],jsonpath,,,,keep,,,,,,2026-02-18 08:48:02.7000000,system,2026-02-18 08:48:02.7000000,
1104,60,2,owner_dbid,5,INT64,,,,true,false,,false,false,['ownerDbId'],jsonpath,,,,keep,,,,,,2026-02-18 08:48:02.7000000,system,2026-02-18 08:48:02.7000000,
1105,60,2,created_at,6,TIMESTAMP,,,,true,false,,false,false,['createdAt'],jsonpath,,,,keep,,,,,,2026-02-18 08:48:02.7000000,system,2026-02-18 08:48:02.7000000,
1106,60,2,modified_at,7,TIMESTAMP,,,,true,false,,false,false,['modifiedAt'],jsonpath,,,,keep,,,,,,2026-02-18 08:48:02.7000000,system,2026-02-18 08:48:02.7000000,
1107,60,2,date_from,8,DATE,,,,true,false,,false,false,['dateFrom'],jsonpath,,,,keep,,,,,,2026-02-18 08:48:02.7000000,system,2026-02-18 08:48:02.7000000,
1108,60,2,date_to,9,DATE,,,,true,false,,false,false,['dateTo'],jsonpath,,,,keep,,,,,,2026-02-18 08:48:02.7000000,system,2026-02-18 08:48:02.7000000,
1109,60,2,posting,10,BOOLEAN,,,,true,false,,false,false,['posting'],jsonpath,,,,keep,,,,,,2026-02-18 08:48:02.7000000,system,2026-02-18 08:48:02.7000000,
1110,60,2,text1,11,STRING,,,,true,false,,false,false,['text1'],jsonpath,,,,keep,,,,,,2026-02-18 08:48:02.7000000,system,2026-02-18 08:48:02.7000000,
1111,60,2,text2,12,STRING,,,,true,false,,false,false,['text2'],jsonpath,,,,keep,,,,,,2026-02-18 08:48:02.7000000,system,2026-02-18 08:48:02.7000000,
1112,60,2,code_translated,13,STRING,,,,true,false,,false,false,['codeTranslated'],jsonpath,,,,keep,,,,,,2026-02-18 08:48:02.7000000,system,2026-02-18 08:48:02.7000000,
1113,60,2,object_value_definition_dbid,14,INT64,,,,true,false,,false,false,['definition']['dbId'],jsonpath,,,,keep,,,,,,2026-02-18 08:48:02.7000000,system,2026-02-18 08:48:02.7000000,
1114,60,2,object_value_definition_code,15,STRING,,,,true,false,,false,false,['definition']['code'],jsonpath,,,,keep,,,,,,2026-02-18 08:48:02.7000000,system,2026-02-18 08:48:02.7000000,
1115,60,2,object_value_definition_description,16,STRING,,,,true,false,,false,false,['definition']['description'],jsonpath,,,,keep,,,,,,2026-02-18 08:48:02.7000000,system,2026-02-18 08:48:02.7000000,
1116,60,2,object_value_level1_dbid,17,INT64,,,,true,false,,false,false,['levelParent']['dbId'],jsonpath,,,,keep,,,,,,2026-02-18 08:48:02.7000000,system,2026-02-18 08:48:02.7000000,
1117,60,2,object_value_level1_code,18,STRING,,,,true,false,,false,false,['levelParent']['code'],jsonpath,,,,keep,,,,,,2026-02-18 08:48:02.7000000,system,2026-02-18 08:48:02.7000000,
1118,60,2,object_value_level1_description,19,STRING,,,,true,false,,false,false,['levelParent']['description'],jsonpath,,,,keep,,,,,,2026-02-18 08:48:02.7000000,system,2026-02-18 08:48:02.7000000,
1119,60,2,object_value_level2_dbid,20,INT64,,,,true,false,,false,false,['levelParent']['levelParent']['dbId'],jsonpath,,,,keep,,,,,,2026-02-18 08:48:02.7000000,system,2026-02-18 08:48:02.7000000,
1120,60,2,object_value_level2_code,21,STRING,,,,true,false,,false,false,['levelParent']['levelParent']['code'],jsonpath,,,,keep,,,,,,2026-02-18 08:48:02.7000000,system,2026-02-18 08:48:02.7000000,
1121,60,2,object_value_level2_description,22,STRING,,,,true,false,,false,false,['levelParent']['levelParent']['description'],jsonpath,,,,keep,,,,,,2026-02-18 08:48:02.7000000,system,2026-02-18 08:48:02.7000000,
1122,60,2,object_value_level3_dbid,23,INT64,,,,true,false,,false,false,['levelParent']['levelParent']['levelParent']['dbId'],jsonpath,,,,keep,,,,,,2026-02-18 08:48:02.7000000,system,2026-02-18 08:48:02.7000000,
1123,60,2,object_value_level3_code,24,STRING,,,,true,false,,false,false,['levelParent']['levelParent']['levelParent']['code'],jsonpath,,,,keep,,,,,,2026-02-18 08:48:02.7000000,system,2026-02-18 08:48:02.7000000,
1124,60,2,object_value_level3_description,25,STRING,,,,true,false,,false,false,['levelParent']['levelParent']['levelParent']['description'],jsonpath,,,,keep,,,,,,2026-02-18 08:48:02.7000000,system,2026-02-18 08:48:02.7000000,
1125,60,2,object_value_level4_dbid,26,INT64,,,,true,false,,false,false,['levelParent']['levelParent']['levelParent']['levelParent']['dbId'],jsonpath,,,,keep,,,,,,2026-02-18 08:48:02.7000000,system,2026-02-18 08:48:02.7000000,
1126,60,2,object_value_level4_code,27,STRING,,,,true,false,,false,false,['levelParent']['levelParent']['levelParent']['levelParent']['code'],jsonpath,,,,keep,,,,,,2026-02-18 08:48:02.7000000,system,2026-02-18 08:48:02.7000000,
1127,60,2,object_value_level4_description,28,STRING,,,,true,false,,false,false,['levelParent']['levelParent']['levelParent']['levelParent']['description'],jsonpath,,,,keep,,,,,,2026-02-18 08:48:02.7000000,system,2026-02-18 08:48:02.7000000,
1128,43,2,transaction_dbid,1,INT64,Transaction ID,Business key from xLedger,,false,true,false,true,,,,,,,,,,,,,2026-02-26 08:56:57.5433333,system,2026-02-26 08:56:57.5433333,
1129,43,2,owner_dbid,2,INT64,Owner FK,,,true,false,true,false,,,,,,,,,,,,,2026-02-26 08:56:57.5433333,system,2026-02-26 08:56:57.5433333,
1130,43,2,account_dbid,3,INT64,Account FK,,,true,false,true,false,,,,,,,,,,,,,2026-02-26 08:56:57.5433333,system,2026-02-26 08:56:57.5433333,
1131,43,4,amount,4,DECIMAL,Amount,,,true,false,false,false,,,,,,,,,,,,,2026-02-26 08:56:57.5433333,system,2026-02-26 08:56:57.5433333,
1132,43,2,amount3,5,DECIMAL,Amount 3,,,true,false,false,false,,,,,,,,,,,,,2026-02-26 08:56:57.5433333,system,2026-02-26 08:56:57.5433333,
1133,43,2,amount4,6,DECIMAL,Amount 4,,,true,false,false,false,,,,,,,,,,,,,2026-02-26 08:56:57.5433333,system,2026-02-26 08:56:57.5433333,
1134,43,2,amount5,7,DECIMAL,Amount 5,,,true,false,false,false,,,,,,,,,,,,,2026-02-26 08:56:57.5433333,system,2026-02-26 08:56:57.5433333,
1135,43,2,text,8,STRING,Transaction text,,,true,false,false,false,,,,,,,,,,,,,2026-02-26 08:56:57.5433333,system,2026-02-26 08:56:57.5433333,
1136,43,2,invoice_amount,9,DECIMAL,Invoice amount,,,true,false,false,false,,,,,,,,,,,,,2026-02-26 08:56:57.5433333,system,2026-02-26 08:56:57.5433333,
1137,43,2,tax_amount,10,DECIMAL,Tax amount,,,true,false,false,false,,,,,,,,,,,,,2026-02-26 08:56:57.5433333,system,2026-02-26 08:56:57.5433333,
1138,43,2,position_number,11,INT64,Position number,,,true,false,false,false,,,,,,,,,,,,,2026-02-26 08:56:57.5433333,system,2026-02-26 08:56:57.5433333,
1139,43,2,quantity,12,DECIMAL,Quantity,,,true,false,false,false,,,,,,,,,,,,,2026-02-26 08:56:57.5433333,system,2026-02-26 08:56:57.5433333,
1140,43,2,match_id,13,INT64,Match ID,,,true,false,false,false,,,,,,,,,,,,,2026-02-26 08:56:57.5433333,system,2026-02-26 08:56:57.5433333,
1141,43,2,asset_dbid,14,INT64,Asset FK,,,true,false,true,false,,,,,,,,,,,,,2026-02-26 08:56:57.5433333,system,2026-02-26 08:56:57.5433333,
1142,43,2,reconciled,15,BOOLEAN,Is reconciled,,,true,false,false,false,,,,,,,,,,,,,2026-02-26 08:56:57.5433333,system,2026-02-26 08:56:57.5433333,
1143,43,2,period_number,16,INT64,Period number,,,true,false,false,false,,,,,,,,,,,,,2026-02-26 08:56:57.5433333,system,2026-02-26 08:56:57.5433333,
1144,43,2,month_number,17,INT64,Month number,,,true,false,false,false,,,,,,,,,,,,,2026-02-26 08:56:57.5433333,system,2026-02-26 08:56:57.5433333,
1145,43,2,period_id,18,INT64,Period ID FK,,,true,false,true,false,,,,,,,,,,,,,2026-02-26 08:56:57.5433333,system,2026-02-26 08:56:57.5433333,
1146,43,2,gl_object1_dbid,19,INT64,Cost Centre FK,,,true,false,true,false,,,,,,,,,,,,,2026-02-26 08:56:57.5433333,system,2026-02-26 08:56:57.5433333,
1147,43,2,gl_object2_dbid,20,INT64,Project FK,,,true,false,true,false,,,,,,,,,,,,,2026-02-26 08:56:57.5433333,system,2026-02-26 08:56:57.5433333,
1148,43,2,gl_object3_dbid,21,INT64,Position Ref FK,,,true,false,true,false,,,,,,,,,,,,,2026-02-26 08:56:57.5433333,system,2026-02-26 08:56:57.5433333,
1149,43,2,gl_object4_dbid,22,INT64,Asset Class FK,,,true,false,true,false,,,,,,,,,,,,,2026-02-26 08:56:57.5433333,system,2026-02-26 08:56:57.5433333,
1150,43,2,gl_object5_dbid,23,INT64,Cost Rev Period FK,,,true,false,true,false,,,,,,,,,,,,,2026-02-26 08:56:57.5433333,system,2026-02-26 08:56:57.5433333,
1151,43,2,company_dbid,24,INT64,Company FK,,,true,false,true,false,,,,,,,,,,,,,2026-02-26 08:56:57.5433333,system,2026-02-26 08:56:57.5433333,
1152,43,2,account_indicator_dbid,25,INT64,Account Indicator FK,,,true,false,true,false,,,,,,,,,,,,,2026-02-26 08:56:57.5433333,system,2026-02-26 08:56:57.5433333,
1153,43,2,unit_quantity_dbid,26,INT64,Unit Quantity FK,,,true,false,true,false,,,,,,,,,,,,,2026-02-26 08:56:57.5433333,system,2026-02-26 08:56:57.5433333,
1154,43,2,unit_number_dbid,27,INT64,Unit Number FK,,,true,false,true,false,,,,,,,,,,,,,2026-02-26 08:56:57.5433333,system,2026-02-26 08:56:57.5433333,
1155,43,2,xgl_dbid,28,INT64,XGL FK,,,true,false,true,false,,,,,,,,,,,,,2026-02-26 08:56:57.5433333,system,2026-02-26 08:56:57.5433333,
1156,43,2,currency_dbid,29,INT64,Currency FK,,,true,false,true,false,,,,,,,,,,,,,2026-02-26 08:56:57.5433333,system,2026-02-26 08:56:57.5433333,
1157,43,2,period_dbid,30,INT64,Period FK,,,true,false,true,false,,,,,,,,,,,,,2026-02-26 08:56:57.5433333,system,2026-02-26 08:56:57.5433333,
1158,43,2,tax_rule_dbid,31,INT64,Tax Rule FK,,,true,false,true,false,,,,,,,,,,,,,2026-02-26 08:56:57.5433333,system,2026-02-26 08:56:57.5433333,
1159,43,2,bank_account_dbid,32,INT64,Bank Account FK,,,true,false,true,false,,,,,,,,,,,,,2026-02-26 08:56:57.5433333,system,2026-02-26 08:56:57.5433333,
1160,43,2,header_posted_date,33,DATETIME,Posted date,,,true,false,false,false,,,,,,,,,,,,,2026-02-26 08:56:57.5433333,system,2026-02-26 08:56:57.5433333,
1161,43,2,header_transaction_number,34,INT64,Transaction number,,,true,false,false,false,,,,,,,,,,,,,2026-02-26 08:56:57.5433333,system,2026-02-26 08:56:57.5433333,
1162,43,2,header_dbid,35,INT64,Header FK,,,true,false,true,false,,,,,,,,,,,,,2026-02-26 08:56:57.5433333,system,2026-02-26 08:56:57.5433333,
1163,44,,loaded_at,,timestamp,,,,,,,,,,,,,,keep,,,yyyy-MM-dd HH:mm:ss,,,,,,
1164,44,,loaded_at_source,,timestamp,,,,,,,,,,,,,,keep,,,yyyy-MM-dd HH:mm:ss,,,,,,
1165,46,,transaction_amount,,decimal,,,,,,,,,,,0,,,default,,,,,,,,,
